80EW3G19L2G4SG08,2019-07-31 23:59:59,2000.00
IPA4JW9FMA880CWG,2019-07-31 23:59:59,2000.00
6SKPJO437W4CC44C,2019-07-31 23:59:59,2000.00
S7LI8UN3XLWWCKCG,2019-07-31 23:59:59,2000.00
IHJHPAIF2B4SSWSC,2019-07-31 23:59:59,2000.00
F58WC3E99K0GWK0O,2019-07-31 23:59:59,2000.00
9TEMGH8LOG00SGOS,2019-07-31 23:59:59,2000.00
6LOSGQ8ZDE4O8SKC,2019-07-31 23:59:59,2000.00
BFXI3SFJ5KGSW8KO,2019-07-31 23:59:59,2000.00
1VK2DRLGJQ2SOW8C,2019-07-31 23:59:59,2000.00
8JPJL8WQXE04GCKC,2019-07-31 23:59:59,2000.00
ERAB32FOKNWWCGG0,2019-07-31 23:59:59,2000.00
5YX4L5NAJNCWGOSO,2019-07-31 23:59:59,2000.00
6M4FR6DA6P8OG4SC,2019-07-31 23:59:59,2000.00
M5G3VXE6S5S8OGK8,2019-07-31 23:59:59,2000.00
H08U9J33O14OOOO4,2019-07-31 23:59:59,2000.00
PJFENLT4ZYSSWOWK,2019-07-31 23:59:59,2000.00
I5KBNSJRGI04CK4K,2019-07-31 23:59:59,2000.00
1PBSXZYLWJB44CWC,2019-07-31 23:59:59,2000.00
GUVX3MW83N4S08GW,2019-07-31 23:59:59,2000.00
8QZLQFMCP70O8WW8,2019-07-31 23:59:59,2000.00
DQTOO4HJH6GW4W0G,2019-07-31 23:59:59,2000.00
LJYZNPIGADWSG0OS,2019-07-31 23:59:59,2000.00
CMPMRIO2K80K0O80,2019-07-31 23:59:59,2000.00
9W0M86SG95SGCKS8,2019-07-31 23:59:59,2000.00
2WX7EUTNX484SG0W,2019-07-31 23:59:59,2000.00
MAS904N6QA88GO8S,2019-07-31 23:59:59,2000.00
5TLGO87S9JSWSS4S,2019-07-31 23:59:59,2000.00
39V483ZJKFCW4SGG,2019-07-31 23:59:59,2000.00
36W62NETRWU80WW0,2019-07-31 23:59:59,2000.00
MCJ03QEK8J4OWGCC,2019-07-31 23:59:59,2000.00
JT5ZOTLV800W8KCG,2019-07-31 23:59:59,2000.00
1S3XL0Q9MKRO80W4,2019-07-31 23:59:59,2000.00
8NHLZO9NZ4GSSWSC,2019-07-31 23:59:59,2000.00
K2487ZQ7S0G80G40,2019-07-31 23:59:59,2000.00
FJSL5S0MT8O4GWGS,2019-07-31 23:59:59,2000.00
JIV9A7ILT94C008K,2019-07-31 23:59:59,2000.00
E3JFC5P2NLS080OC,2019-07-31 23:59:59,2000.00
LQ4UMSL2DM8SGWWG,2019-07-31 23:59:59,2000.00
6EH283RXUZ4848CO,2019-07-31 23:59:59,2000.00
RV8TKRAIF8GG4C0C,2019-07-31 23:59:59,2000.00
M2QPB9BERHW8GG4O,2019-07-31 23:59:59,2000.00
QUKM8MD21YSCK4W4,2019-07-31 23:59:59,2000.00
G3C0MY8VVC0KW004,2019-07-31 23:59:59,2000.00
32APH3BLIVQC0GWC,2019-07-31 23:59:59,2000.00
AO6AJSD1FRSCGOS0,2019-07-31 23:59:59,2000.00
OWAPYL3L7JKS0COW,2019-07-31 23:59:59,2000.00
CSKY826RO000KK4S,2019-07-31 23:59:59,2000.00
7EI6EFWAT8WSSGK4,2019-07-31 23:59:59,2000.00
M6W0CVJAR5WKK0CK,2019-07-31 23:59:59,2000.00
CI47S8QWF8GKKOS0,2019-07-31 23:59:59,2000.00
B3OXCRYW7DSK4O0O,2019-07-31 23:59:59,2000.00
GV22UPHNPYOSG4GC,2019-07-31 23:59:59,2000.00
F9LG52BXZ5S0CW4W,2019-07-31 23:59:59,2000.00
G6YN9SJAO8GSGGWO,2019-07-31 23:59:59,2000.00
ORJQ69A72Z4CWGOO,2019-07-31 23:59:59,2000.00
CIA7X0GLK68K4W44,2019-07-31 23:59:59,2000.00
LMOI7MOO0DCKSSKC,2019-07-31 23:59:59,2000.00
28O2IB446AZOGOGS,2019-07-31 23:59:59,2000.00
M4KPA14YMTWSWO0C,2019-07-31 23:59:59,2000.00
39L53VFL0EYOOG4S,2019-07-31 23:59:59,2000.00
N8W6BZUESQSKKOKC,2019-07-31 23:59:59,2000.00
RWPJ88I0J2SSGCWG,2019-07-31 23:59:59,2000.00
JO5Q2NQ7TT4OGG80,2019-07-31 23:59:59,2000.00
NMNY6TCEBBKCWCSK,2019-07-31 23:59:59,2000.00
9WL25ZMOMK0SGOSS,2019-07-31 23:59:59,2000.00
IEOMGNS3KAO0CWOS,2019-07-31 23:59:59,2000.00
JV9M8VA64C0S8COO,2019-07-31 23:59:59,2000.00
2MESCR37ZKAOS84S,2019-07-31 23:59:59,2000.00
AFANUW2WGNSCSOCO,2019-07-31 23:59:59,2000.00
JOU1B7ZZTUOK0W0K,2019-07-31 23:59:59,2000.00
DMLL4J36DNKKOG0W,2019-07-31 23:59:59,2000.00
I4IT1R1PICOOWC0G,2019-07-31 23:59:59,2000.00
QOGSZGQUYXCC88KG,2019-07-31 23:59:59,2000.00
8T5JNHXNHTS088OC,2019-07-31 23:59:59,2000.00
DAAYVELQAMG4WG8C,2019-07-31 23:59:59,2000.00
1RQND7LAMM00KKO8,2019-07-31 23:59:59,2000.00
42SPHUUCTNSW4GOC,2019-07-31 23:59:59,2000.00
FKHVCWI9ETS8G8S0,2019-07-31 23:59:59,2000.00
787Z30DL14OWGKWS,2019-07-31 23:59:59,2000.00
CSMC876I8KGK8KOK,2019-07-31 23:59:59,2000.00
E1KAQZENB2G4004C,2019-07-31 23:59:59,2000.00
PFG91UWNSG04GKS0,2019-07-31 23:59:59,2000.00
FJNM5TOAKM8GG4SK,2019-07-31 23:59:59,2000.00
2YYU0GAGH1ESCW0W,2019-07-31 23:59:59,2000.00
4MQ9RR1BCQ68OWO0,2019-07-31 23:59:59,2000.00
5WK1LX5RD484C08S,2019-07-31 23:59:59,2000.00
FZKV7QZZWPW0C8C8,2019-07-31 23:59:59,2000.00
N0A21RP4UDCWC888,2019-07-31 23:59:59,2000.00
E0COV61E048CGW40,2019-07-31 23:59:59,2000.00
8B71GPXBE6O808W8,2019-07-31 23:59:59,2000.00
TR16MXS700GCO8O4,2019-07-31 23:59:59,2000.00
1RVHKD8S6KO0GOKO,2019-07-31 23:59:59,2000.00
T97CULWT6TC4KOK8,2019-07-31 23:59:59,2000.00
NWL0XAHE5YOO0CWC,2019-07-31 23:59:59,2000.00
MDG1IR5Q07404GOW,2019-07-31 23:59:59,2000.00
CIHLT98MAZCCGK4O,2019-07-31 23:59:59,2000.00
248FQCZMD30GSC8G,2019-07-31 23:59:59,2000.00
3SLEWP2R9YO0O0WK,2019-07-31 23:59:59,2000.00
F0P3UW6U7K840CW4,2019-07-31 23:59:59,2000.00
RUP9T774SEOCO84W,2019-07-31 23:59:59,2000.00
5YV9QPWSS9CSO0OO,2019-07-31 23:59:59,2000.00
KNQIGKIK92OS4W8K,2019-07-31 23:59:59,2000.00
QQ5P69NIMIO0CC0O,2019-07-31 23:59:59,2000.00
E5AME46PGP44SCOW,2019-07-31 23:59:59,2000.00
KZZKK059WPCCCC04,2019-07-31 23:59:59,2000.00
NIPE4074JDC8O4KG,2019-07-31 23:59:59,2000.00
KJUHPQ4JG5S880KG,2019-07-31 23:59:59,2000.00
F7QNH3YAGPW08080,2019-07-31 23:59:59,2000.00
3417X1YYMOAOSGGW,2019-07-31 23:59:59,2000.00
2KLB1IIUCSSGOSOG,2019-07-31 23:59:59,2000.00
BCDT8EJVZZ4GG4WG,2019-07-31 23:59:59,2000.00
2URYMY2JCOG040SS,2019-07-31 23:59:59,2000.00
CVWB2D66ZXCGKSO4,2019-07-31 23:59:59,2000.00
56NDVSCQGDGK4044,2019-07-31 23:59:59,2000.00
IP58CBBLZHSSCW4C,2019-07-31 23:59:59,2000.00
PBH4CZLIIHC8WKC4,2019-07-31 23:59:59,2000.00
OGNEZCLVJWG0WKGC,2019-07-31 23:59:59,2000.00
CN5AFFIGA1KCWWKK,2019-07-31 23:59:59,2000.00
TIDPW9VO7U8OKWO0,2019-07-31 23:59:59,2000.00
LFOKQRFIIIO4WS0K,2019-07-31 23:59:59,2000.00
K679913EMY8O0WCC,2019-07-31 23:59:59,2000.00
9YWSHCUTMDK4O8WO,2019-07-31 23:59:59,2000.00
TDO6C2DW9LC8KOC0,2019-07-31 23:59:59,2000.00
D5K06S9S9MO0OK4W,2019-07-31 23:59:59,2000.00
A0OOAVGYKGWG80OG,2019-07-31 23:59:59,2000.00
IKXWBM1AY144KK4W,2019-07-31 23:59:59,2000.00
EHP9T4UYIBS4WCW8,2019-07-31 23:59:59,2000.00
M2T78KFZZ1W8W80C,2019-07-31 23:59:59,2000.00
9CDBPA8IERS4WS48,2019-07-31 23:59:59,2000.00
JZT3GCH1R3KS0KOW,2019-07-31 23:59:59,2000.00
4GWAML3AG3Y8WG0O,2019-07-31 23:59:59,2000.00
MBRG2NPP4UOC4O8S,2019-07-31 23:59:59,2000.00
E4UNRH59IV40OGCO,2019-07-31 23:59:59,2000.00
Q74YJC8CFR4W4G0C,2019-07-31 23:59:59,2000.00
QG9C8G4E94GOSS0G,2019-07-31 23:59:59,2000.00
N9HQUNUTA6SO048G,2019-07-31 23:59:59,2000.00
67Z2WQTSO1448SSK,2019-07-31 23:59:59,2000.00
DVT2L5Z472G40SGG,2019-07-31 23:59:59,2000.00
5I4SV982PXGK8W88,2019-07-31 23:59:59,2000.00
6FVN41GS2GSGC8KG,2019-07-31 23:59:59,2000.00
5BIV65MIWGKC4WGG,2019-07-31 23:59:59,2000.00
H839NY1UOA8SSK84,2019-07-31 23:59:59,2000.00
S4B3NZ12RPCWW0SS,2019-07-31 23:59:59,2000.00
9F2P5CYKZZGO4SKC,2019-07-31 23:59:59,2000.00
186V68APHWJK00K0,2019-07-31 23:59:59,2000.00
211ILKCETYE8C44K,2019-07-31 23:59:59,2000.00
6AO4O5Y4IMG4WKWO,2019-07-31 23:59:59,2000.00
L5WMHQTIV5WG0GGO,2019-07-31 23:59:59,2000.00
NHG0Q0KZF5CSS004,2019-07-31 23:59:59,2000.00
8T889OGJ5A0WCW84,2019-07-31 23:59:59,2000.00
6IE547DT4FC48WSW,2019-07-31 23:59:59,2000.00
DPP4UYVO23SOS8SG,2019-07-31 23:59:59,2000.00
82BFNSZ09YO88WC0,2019-07-31 23:59:59,2000.00
ROH4HA01L5WWSGCG,2019-07-31 23:59:59,2000.00
RQZ0VTGZHEOKK08W,2019-07-31 23:59:59,2000.00
SV19XEV9QJ48GSSS,2019-07-31 23:59:59,2000.00
8BJXSWNL830O40W4,2019-07-31 23:59:59,2000.00
6RBQHOHDRM4OCWCS,2019-07-31 23:59:59,2000.00
K2362XEG3JKSWKOG,2019-07-31 23:59:59,2000.00
5B1MCC9I6EO8CGG4,2019-07-31 23:59:59,2000.00
B1J0C5J03UGWK0GO,2019-07-31 23:59:59,2000.00
E627KPJEL4GSS8GO,2019-07-31 23:59:59,2000.00
90IJWHX8WOGS00SG,2019-07-31 23:59:59,2000.00
2YXRGSRE7YQS8GW0,2019-07-31 23:59:59,2000.00
T80CQV6B6HC80CK8,2019-07-31 23:59:59,2000.00
AZFOYABI3OOOWK8O,2019-07-31 23:59:59,2000.00
1QLW9AC0GZ288GKC,2019-07-31 23:59:59,2000.00
EBV6AU0H5MO0OO4G,2019-07-31 23:59:59,2000.00
DI4Z1E8NXY0CKOCK,2019-07-31 23:59:59,2000.00
AVXH0AX6EO00OKC8,2019-07-31 23:59:59,2000.00
JEF2TWOGZ688OK48,2019-07-31 23:59:59,2000.00
5CSVYOB0U680G040,2019-07-31 23:59:59,2000.00
DLMMFCZNHLKC4800,2019-07-31 23:59:59,2000.00
DEM4GZLKCM8GOS0S,2019-07-31 23:59:59,2000.00
LOGOZWFQF5SW00CC,2019-07-31 23:59:59,2000.00
2ZS3SNVH4F40SCKS,2019-07-31 23:59:59,2000.00
C2QACLPIF7CWK0C4,2019-07-31 23:59:59,2000.00
8OMCOGOVE88400GS,2019-07-31 23:59:59,2000.00
CV8BAXS1W000KG44,2019-07-31 23:59:59,2000.00
J8W0IXRK7C0GGWGW,2019-07-31 23:59:59,2000.00
CDRUHESZO000KG0S,2019-07-31 23:59:59,2000.00
APX2G4VATXC08K44,2019-07-31 23:59:59,2000.00
RK7IMUO903KWOC0O,2019-07-31 23:59:59,2000.00
CVQULL7PBQGO04GC,2019-07-31 23:59:59,2000.00
FSSS1JILA8008KC8,2019-07-31 23:59:59,2000.00
AK4A161FPZK8OS00,2019-07-31 23:59:59,2000.00
BJTSC62EI40SOGO0,2019-07-31 23:59:59,2000.00
A3WC9ZHE8I04GO04,2019-07-31 23:59:59,2000.00
G9QEEH12ZUGWOC8G,2019-07-31 23:59:59,2000.00
7RQOEMUHPYWWW8W0,2019-07-31 23:59:59,2000.00
5TJ5QVO8CQ4OG0GC,2019-07-31 23:59:59,2000.00
QAL1W94Y1USWW80C,2019-07-31 23:59:59,2000.00
C4TELWUCZC0KSKGG,2019-07-31 23:59:59,2000.00
80HNWEHZZT8OCGGW,2019-07-31 23:59:59,2000.00
RNWD0DR97M8C488C,2019-07-31 23:59:59,2000.00
I3DS6BBBEU8KGG44,2019-07-31 23:59:59,2000.00
L8IEHJWNBOGKK0O0,2019-07-31 23:59:59,2000.00
I33UM6JBBF48GCC4,2019-07-31 23:59:59,2000.00
E5YZWU3479K48CKK,2019-07-31 23:59:59,2000.00
ABIVXSYCLOO4SOCS,2019-07-31 23:59:59,2000.00
A3HOJSJEWO0KSW4G,2019-07-31 23:59:59,2000.00
EYFQHOA2WVCOKC08,2019-07-31 23:59:59,2000.00
TEY5WJ2ICA8OGSK0,2019-07-31 23:59:59,2000.00
25BSMJYZA21W4GCW,2019-07-31 23:59:59,2000.00
2DH3A3X1M98GCSSS,2019-07-31 23:59:59,2000.00
T4BI23UC8F4G408G,2019-07-31 23:59:59,2000.00
BIL0TNMKLKGSGGGS,2019-07-31 23:59:59,2000.00
2FDRWOEG88E8SS4S,2019-07-31 23:59:59,2000.00
LAS96W4DTF4OW488,2019-07-31 23:59:59,2000.00
I8PI1KG2CWOC488C,2019-07-31 23:59:59,2000.00
QV00VMSDU9CSG00W,2019-07-31 23:59:59,2000.00
CCX67OFSOXWKCWG0,2019-07-31 23:59:59,2000.00
SZ3DEI92CTWC8WK4,2019-07-31 23:59:59,2000.00
1G3EZF4B2CXWK0KG,2019-07-31 23:59:59,2000.00
DOGE97V29AO88SKW,2019-07-31 23:59:59,2000.00
OIHSCNBP12OOKSWO,2019-07-31 23:59:59,2000.00
S1HR0Y8NE1W48CSO,2019-07-31 23:59:59,2000.00
IL5LXDT9FN4S0GS0,2019-07-31 23:59:59,2000.00
LO1QO3ZN4B4888K8,2019-07-31 23:59:59,2000.00
JXS2N3GYXYOS08S0,2019-07-31 23:59:59,2000.00
PM6726IMDTCS8OKK,2019-07-31 23:59:59,2000.00
6P9NXAU4OKCGK0KK,2019-07-31 23:59:59,2000.00
IO6EYXCUXUOKK0WS,2019-07-31 23:59:59,2000.00
KVHM64N8G68KGS8S,2019-07-31 23:59:59,2000.00
F2OXOHD0MQOGS80K,2019-07-31 23:59:59,2000.00
E0SDIM101TWG8OSS,2019-07-31 23:59:59,2000.00
TL5ZDCKRR3KSCS0C,2019-07-31 23:59:59,2000.00
9YIA9AYPJMWOS0W0,2019-07-31 23:59:59,2000.00
C9I9D6T7Y7COC48K,2019-07-31 23:59:59,2000.00
2CCJIHDF3XUSGO0W,2019-07-31 23:59:59,2000.00
8KGTV9CG4HOGOC00,2019-07-31 23:59:59,2000.00
9PGCC05DNY80WWKW,2019-07-31 23:59:59,2000.00
AFWII0Q0KJ4SW84G,2019-07-31 23:59:59,2000.00
LQ2YPDKXSQOWCS00,2019-07-31 23:59:59,2000.00
HRGN2MXR7XCK88OK,2019-07-31 23:59:59,2000.00
X7T0G36MEPCSC0W0,2019-07-31 23:59:59,2000.00
PL1ET2JEU7KSSSK4,2019-07-31 23:59:59,2000.00
ARIG5R9L0MGOOGOG,2019-07-31 23:59:59,2000.00
B4KMBQEOKYGCOG40,2019-07-31 23:59:59,2000.00
54X05SPQA7K8O8SO,2019-07-31 23:59:59,2000.00
3M53FGAG16WWC4S4,2019-07-31 23:59:59,2000.00
JCRMM4LFM680SCCC,2019-07-31 23:59:59,2000.00
5VQO40DK1TGC8GC0,2019-07-31 23:59:59,2000.00
1MKRN2ODDWSKGCGO,2019-07-31 23:59:59,2000.00
8O8KVLFFJGO4WOGK,2019-07-31 23:59:59,2000.00
LF4NHHQF4XCOKOOK,2019-07-31 23:59:59,2000.00
GOTO4UWWND444OSK,2019-07-31 23:59:59,2000.00
SEFENTLTNHCGKS8S,2019-07-31 23:59:59,2000.00
APVZZZINWYGCCKK4,2019-07-31 23:59:59,2000.00
CH6LMHN78U80WGS8,2019-07-31 23:59:59,2000.00
BUX5CDP2H2GOCOSS,2019-07-31 23:59:59,2000.00
5C33KNSLNPSS8CK0,2019-07-31 23:59:59,2000.00
RSIZWJTNIESC4W4O,2019-07-31 23:59:59,2000.00
RTQFD9DY3AS8OO00,2019-07-31 23:59:59,2000.00
S82GBCOELZKCC04O,2019-07-31 23:59:59,2000.00
QSLG956WQ80W4SWC,2019-07-31 23:59:59,2000.00
EE62X5S28Q0O08SK,2019-07-31 23:59:59,2000.00
54P6IIYWGMWW00CW,2019-07-31 23:59:59,2000.00
8WKMSP3NJG0SO40S,2019-07-31 23:59:59,2000.00
B0ULXFXG5RSW00SK,2019-07-31 23:59:59,2000.00
L305ZDVSZA8GCC08,2019-07-31 23:59:59,2000.00
NLYP88P5DASSS008,2019-07-31 23:59:59,2000.00
1O4VITHEX480OOC8,2019-07-31 23:59:59,2000.00
4DIAV5ERG78K8SG0,2019-07-31 23:59:59,2000.00
79LRL24VZJ40OKGO,2019-07-31 23:59:59,2000.00
CPNY5HHIH14WWC8C,2019-07-31 23:59:59,2000.00
4CYK7DMQ9BEO0WK8,2019-07-31 23:59:59,2000.00
NKQYWQSCOSG04CCK,2019-07-31 23:59:59,2000.00
DXY8G9A9YBK00K4S,2019-07-31 23:59:59,2000.00
I32JJMM9K54WK04C,2019-07-31 23:59:59,2000.00
A1XN4PSAUEWWK84K,2019-07-31 23:59:59,2000.00
LTECCC0DYS0C0OSW,2019-07-31 23:59:59,2000.00
I4EZKTTUFG8W4C40,2019-07-31 23:59:59,2000.00
2K3TWNTUVWAOCGKG,2019-07-31 23:59:59,2000.00
IKIAYUWX3H4COG8C,2019-07-31 23:59:59,2000.00
NT34OJ9ANQ8G4O84,2019-07-31 23:59:59,2000.00
3IZHDJNL1DOGS0WO,2019-07-31 23:59:59,2000.00
TB30VOX6T2S8GK0K,2019-07-31 23:59:59,2000.00
TK5XZJFS274GGGWG,2019-07-31 23:59:59,2000.00
J2JRUB5P3C0GSW8C,2019-07-31 23:59:59,2000.00
QA5WQ01YM9WGSSCW,2019-07-31 23:59:59,2000.00
3F8SHBLYPFCW00KG,2019-07-31 23:59:59,2000.00
QZ2PEVS34YS4KKSS,2019-07-31 23:59:59,2000.00
GJFU5WYCD9SSGSSK,2019-07-31 23:59:59,2000.00
IKECUZRDI3W4G84S,2019-07-31 23:59:59,2000.00
L7UY96PLC408K8G0,2019-07-31 23:59:59,2000.00
SRPXDZNA6HWW0K88,2019-07-31 23:59:59,2000.00
407PUZOCTY04C8GO,2019-07-31 23:59:59,2000.00
TSAKPFK9C3K0CG88,2019-07-31 23:59:59,2000.00
NW1HOBW730G0S4CK,2019-07-31 23:59:59,2000.00
OWG8COS3V40WK8GC,2019-07-31 23:59:59,2000.00
3NET08U3DFC448WG,2019-07-31 23:59:59,2000.00
ERT90RZ81NKK4W00,2019-07-31 23:59:59,2000.00
SUS4CFNOBMOKSGK4,2019-07-31 23:59:59,2000.00
H8ODDWQA2O84KWG0,2019-07-31 23:59:59,2000.00
H7U5HG1LEDK4C048,2019-07-31 23:59:59,2000.00
L03OEQ10XTS4OOWO,2019-07-31 23:59:59,2000.00
LN5I2375M80W4OSS,2019-07-31 23:59:59,2000.00
1ND4AOXAGGO0C8G0,2019-07-31 23:59:59,2000.00
BAOWUVWF7JCOCO0W,2019-07-31 23:59:59,2000.00
LTRJBG259MO0KC04,2019-07-31 23:59:59,2000.00
HEYL0R9POD4CCOG8,2019-07-31 23:59:59,2000.00
4VGSPQA3Q9OGOCSO,2019-07-31 23:59:59,2000.00
T3P1EQ8MWUOCOCOW,2019-07-31 23:59:59,2000.00
A4S06DB2Y1440CCS,2019-07-31 23:59:59,2000.00
KJ2KWSDCGYOK8C04,2019-07-31 23:59:59,2000.00
8FBYYHTCA944S4OC,2019-07-31 23:59:59,2000.00
H1OFCUXSO0OCK0CG,2019-07-31 23:59:59,2000.00
ADJ8A3EKJCW0SOSS,2019-07-31 23:59:59,2000.00
2UE0TA9WKGISSSOK,2019-07-31 23:59:59,2000.00
JV4GV0VFB4G8C4S4,2019-07-31 23:59:59,2000.00
35IAHIC1P2UC8SGO,2019-07-31 23:59:59,2000.00
9FKK1HOLUQ04SOCO,2019-07-31 23:59:59,2000.00
KLF9BNQK4I8C4OGK,2019-07-31 23:59:59,2000.00
9S3OM905GFSWKG48,2019-07-31 23:59:59,2000.00
E4E7NEC6G4OO4404,2019-07-31 23:59:59,2000.00
MHZS766XEK0SCSKO,2019-07-31 23:59:59,2000.00
53D0AYDK0DK4SG4W,2019-07-31 23:59:59,2000.00
5JP0HAPHZ6W4O88O,2019-07-31 23:59:59,2000.00
BQV0XB8H0IOK0WCC,2019-07-31 23:59:59,2000.00
T00UGTXTIAOKK0S4,2019-07-31 23:59:59,2000.00
CJK249KKPWOOWCWO,2019-07-31 23:59:59,2000.00
34UMHNOC7XMO0GKS,2019-07-31 23:59:59,2000.00
S8HKNOTS74G84KKW,2019-07-31 23:59:59,2000.00
3I0NUQ2VXLUS4G0W,2019-07-31 23:59:59,2000.00
T7A1DHV1DA804C8K,2019-07-31 23:59:59,2000.00
74CV33EA2TWC4WGS,2019-07-31 23:59:59,2000.00
J8E3Z0UH3RSCGKOC,2019-07-31 23:59:59,2000.00
519980LTB68SCKWO,2019-07-31 23:59:59,2000.00
C5DHEOEFRZSWC00O,2019-07-31 23:59:59,2000.00
B475A8VE1T4O8K0C,2019-07-31 23:59:59,2000.00
JVENZYQYY1CCCC4K,2019-07-31 23:59:59,2000.00
14E5W00304YS0WW4,2019-07-31 23:59:59,2000.00
MRTEPTMABI848SKS,2019-07-31 23:59:59,2000.00
LG6XD9OQY3KG0CKW,2019-07-31 23:59:59,2000.00
7YCVLMV9HHS8K4WW,2019-07-31 23:59:59,2000.00
FOY4OMBR520C0048,2019-07-31 23:59:59,2000.00
7XG9QH4WO60WSC4K,2019-07-31 23:59:59,2000.00
JKVYYEJEMYGW48WK,2019-07-31 23:59:59,2000.00
1ELHMEB8J57O0CO8,2019-07-31 23:59:59,2000.00
3X13WNQ7S0E80G8C,2019-07-31 23:59:59,2000.00
JCDCJ11SFXKOKO4K,2019-07-31 23:59:59,2000.00
9BSINI9NYXOG4SGC,2019-07-31 23:59:59,2000.00
94YX4IJNCOW0SG40,2019-07-31 23:59:59,2000.00
T8TO75E0W80GKSC4,2019-07-31 23:59:59,2000.00
22H7K9STBT40GKWO,2019-07-31 23:59:59,2000.00
NA88P8KX3A8KKGOC,2019-07-31 23:59:59,2000.00
PFOAKKEWY80W8CWW,2019-07-31 23:59:59,2000.00
GY5UR9G9MGOWGGS0,2019-07-31 23:59:59,2000.00
A5HPUXJ44BKKS84C,2019-07-31 23:59:59,2000.00
DB55GBPZ1BCOGWGO,2019-07-31 23:59:59,2000.00
SMM1ATFBMC0CWOKC,2019-07-31 23:59:59,2000.00
4UT7TEHFC90K8S4C,2019-07-31 23:59:59,2000.00
1D1QH56KBSASKSCS,2019-07-31 23:59:59,2000.00
JDLQDMQGYW8O0OKG,2019-07-31 23:59:59,2000.00
NK7Y72E7ENKSW4K0,2019-07-31 23:59:59,2000.00
KPPOBV82DZ4W84GS,2019-07-31 23:59:59,2000.00
LX3OVMP1HG080O0S,2019-07-31 23:59:59,2000.00
84YDOA3TW8W0WGCC,2019-07-31 23:59:59,2000.00
HTGUDV8M1E8888GS,2019-07-31 23:59:59,2000.00
T7TCMARAF5COWG4K,2019-07-31 23:59:59,2000.00
IPTWM3K1ATWS4WOS,2019-07-31 23:59:59,2000.00
LP6IN7R272OCKKC4,2019-07-31 23:59:59,2000.00
IOXCE015AKO40CGW,2019-07-31 23:59:59,2000.00
9M8KL7EAQIW4S8CK,2019-07-31 23:59:59,2000.00
BCIGOSR6MVSCS00C,2019-07-31 23:59:59,2000.00
4ZHBF1OIVPS8WS0K,2019-07-31 23:59:59,2000.00
EPXJWQGACQ0OK004,2019-07-31 23:59:59,2000.00
E4PSHAY98Y04GOOO,2019-07-31 23:59:59,2000.00
MNL9ZPK9OSGWWW08,2019-07-31 23:59:59,2000.00
ITBA84ABA3CC4CSG,2019-07-31 23:59:59,2000.00
296YGQD6BHGKG0GS,2019-07-31 23:59:59,2000.00
EU1TDRIH65SSSGS8,2019-07-31 23:59:59,2000.00
D4PGSKQ7QTS80O04,2019-07-31 23:59:59,2000.00
VZHKN7NES00WGWCC,2019-07-31 23:59:59,2000.00
LU744DFJPNKG4O08,2019-07-31 23:59:59,2000.00
NDDVDRB3DK0KCO08,2019-07-31 23:59:59,2000.00
D6S25MMMLI8GCSGG,2019-07-31 23:59:59,2000.00
D5RZX1YPU1SKWOC0,2019-07-31 23:59:59,2000.00
2BABDHS7ZTS0S4CO,2019-07-31 23:59:59,2000.00
J5YASBZS2HC8SWCO,2019-07-31 23:59:59,2000.00
QIF2HASLKQSG8WGK,2019-07-31 23:59:59,2000.00
JFT74GZ8F400CWWW,2019-07-31 23:59:59,2000.00
58LLDS4C9WKKKKK8,2019-07-31 23:59:59,2000.00
HW5YWJRX11S8SWKK,2019-07-31 23:59:59,2000.00
D3TWEW99V7CW80CG,2019-07-31 23:59:59,2000.00
GDC17AO4UG8O40OS,2019-07-31 23:59:59,2000.00
AYYPLSI5W3S40SG4,2019-07-31 23:59:59,2000.00
HBOSG0IWMA0484SK,2019-07-31 23:59:59,2000.00
GZS59DKJTKGS0W0G,2019-07-31 23:59:59,2000.00
LSL3ZHON0M8KKWGS,2019-07-31 23:59:59,2000.00
FSJUH5KBHG8CGG04,2019-07-31 23:59:59,2000.00
L5MLBV3BRYOC0GC8,2019-07-31 23:59:59,2000.00
74BPHIDXE34804CO,2019-07-31 23:59:59,2000.00
LMG951TNA5W8444C,2019-07-31 23:59:59,2000.00
6MJDMJZUR5C8C88K,2019-07-31 23:59:59,2000.00
P59TZ93CVV4CKS88,2019-07-31 23:59:59,2000.00
57J898H86AO08W84,2019-07-31 23:59:59,2000.00
5MMPSVRBODS8O8C8,2019-07-31 23:59:59,2000.00
JRNHB68OWU84OK4K,2019-07-31 23:59:59,2000.00
H2KGYZ86L5KCCCCK,2019-07-31 23:59:59,2000.00
8EU6W2RRGYKG4S8C,2019-07-31 23:59:59,2000.00
ILNJ4A4CA00GOO0S,2019-07-31 23:59:59,2000.00
AYH97CXJYDK40KGG,2019-07-31 23:59:59,2000.00
J28AN8FXARS4G0CK,2019-07-31 23:59:59,2000.00
FSMPA2F4LP4C48O8,2019-07-31 23:59:59,2000.00
M6JVBNXG84GGSKGS,2019-07-31 23:59:59,2000.00
99DFJ4HWGW004C0C,2019-07-31 23:59:59,2000.00
SK4UHD6PZ6OKW4SS,2019-07-31 23:59:59,2000.00
ILWYLRK3KX4OGSGS,2019-07-31 23:59:59,2000.00
5ZLTSSENXSSGG80W,2019-07-31 23:59:59,2000.00
A88GIO5FZA0C00OO,2019-07-31 23:59:59,2000.00
EUCBKW4RWO0G8O84,2019-07-31 23:59:59,2000.00
GGHGW7XW23480OKK,2019-07-31 23:59:59,2000.00
GBNGCAMRWHKW8GK4,2019-07-31 23:59:59,2000.00
3C5OSBHXX20W8OG8,2019-07-31 23:59:59,2000.00
S7IVTYYN45CW448O,2019-07-31 23:59:59,2000.00
E1KDYC6RRRK8GKKS,2019-07-31 23:59:59,2000.00
GS2IJPTYGP44KG4W,2019-07-31 23:59:59,2000.00
NHU97QHK68G8G0SG,2019-07-31 23:59:59,2000.00
LX5AKWEYFEO04WW0,2019-07-31 23:59:59,2000.00
4702R8RWB4SGK0C8,2019-07-31 23:59:59,2000.00
GWVESQ52PLC8W88K,2019-07-31 23:59:59,2000.00
R0IECGB3UPWGG00S,2019-07-31 23:59:59,2000.00
E8ER00A9KMOSKSGS,2019-07-31 23:59:59,2000.00
KMSA768EBN4SK40S,2019-07-31 23:59:59,2000.00
SZB3PFZ0JGG0C4SK,2019-07-31 23:59:59,2000.00
PWE7BAHR5ZK84K0C,2019-07-31 23:59:59,2000.00
J65EMJWQX28K8OWS,2019-07-31 23:59:59,2000.00
E9WPJ8JR4PKCKSWG,2019-07-31 23:59:59,2000.00
QAJ6MVVWO2SWOWKK,2019-07-31 23:59:59,2000.00
QXPUWUUIC5C00K0S,2019-07-31 23:59:59,2000.00
OXKO81WHTUOK4KGS,2019-07-31 23:59:59,2000.00
21PNJFUCC0SKKOSW,2019-07-31 23:59:59,2000.00
R9UK0A94U6OCCKWG,2019-07-31 23:59:59,2000.00
71Y9H8HNQ4WSOO4S,2019-07-31 23:59:59,2000.00
5ZYOQWOF3H8GKK8G,2019-07-31 23:59:59,2000.00
FS87GBWFCXS0C0CO,2019-07-31 23:59:59,2000.00
2GHL7GASM7PCS800,2019-07-31 23:59:59,2000.00
429B0Q0RPTKWKW04,2019-07-31 23:59:59,2000.00
8PCQIIZ0JSSGSS8W,2019-07-31 23:59:59,2000.00
LYXDUNOIUBK0K0GW,2019-07-31 23:59:59,2000.00
I8C9B17RXXC0WW4O,2019-07-31 23:59:59,2000.00
MC6BLUG9VMSWKCSS,2019-07-31 23:59:59,2000.00
J88OVCRZY74KKG04,2019-07-31 23:59:59,2000.00
LGDDST3R9J40008C,2019-07-31 23:59:59,2000.00
QB9SHVMI2USCWK04,2019-07-31 23:59:59,2000.00
2W9OXXD6ZVY8SO0K,2019-07-31 23:59:59,2000.00
OQXZIE613BK8CWG4,2019-07-31 23:59:59,2000.00
QI3HHTUTTUOKCGC8,2019-07-31 23:59:59,2000.00
30US1SA7PFY804OS,2019-07-31 23:59:59,2000.00
NZY3GQ8H3TW0CCWG,2019-07-31 23:59:59,2000.00
KX9YP5UNYXW0OG80,2019-07-31 23:59:59,2000.00
1TO4WZ8G4Y5CKC40,2019-07-31 23:59:59,2000.00
P5A3B85U5XC0OWWS,2019-07-31 23:59:59,2000.00
652RMTVBWI044SW0,2019-07-31 23:59:59,2000.00
MWTD86ZPT6SKKKW0,2019-07-31 23:59:59,2000.00
5BO70ZP5S54WWCGW,2019-07-31 23:59:59,2000.00
2AVT4TL4CBGGKW8K,2019-07-31 23:59:59,2000.00
CY8P0HP5A144CS8W,2019-07-31 23:59:59,2000.00
1UXXZI6WAF7OCKCG,2019-07-31 23:59:59,2000.00
5FLF4VBEBI0W4S08,2019-07-31 23:59:59,2000.00
5HOZ800BPT0K48CO,2019-07-31 23:59:59,2000.00
MT6OGX40RQSCSSSC,2019-07-31 23:59:59,2000.00
F6OS0SKVFA8G0GGK,2019-07-31 23:59:59,2000.00
KVFJ10ARM348SSS4,2019-07-31 23:59:59,2000.00
BSIG7X1ZA9CSCG8O,2019-07-31 23:59:59,2000.00
FJX77KISWZ4SWKWW,2019-07-31 23:59:59,2000.00
LD7MXPB0CTSSWGOW,2019-07-31 23:59:59,2000.00
Q90SXD318AO4COGO,2019-07-31 23:59:59,2000.00
BGMX2FRCJT444GKK,2019-07-31 23:59:59,2000.00
8IFY1MQ0N8CG4WSG,2019-07-31 23:59:59,2000.00
AI13SC3LVO08SKC8,2019-07-31 23:59:59,2000.00
FW2WWU9NW5C0WG8W,2019-07-31 23:59:59,2000.00
84TH2Y7LNXS8880W,2019-07-31 23:59:59,2000.00
CRJTE8E0B1CK8G0S,2019-07-31 23:59:59,2000.00
7ZTBAYS3BCOW0SG0,2019-07-31 23:59:59,2000.00
2O704MKL37Y800OK,2019-07-31 23:59:59,2000.00
B3G4JL5MB0O44088,2019-07-31 23:59:59,2000.00
4KKTZB60KCQOCG8K,2019-07-31 23:59:59,2000.00
RE15ZVGXBY8W4SGS,2019-07-31 23:59:59,2000.00
CLX1WQFRXDS0OKWG,2019-07-31 23:59:59,2000.00
6PFH7XVJGVOC8040,2019-07-31 23:59:59,2000.00
CJSOO5YFK88OWWS0,2019-07-31 23:59:59,2000.00
6Q5OSFCMHW8W8GC8,2019-07-31 23:59:59,2000.00
NN46Z3R97HW8CW4K,2019-07-31 23:59:59,2000.00
POB1Q0BB5NKKWG48,2019-07-31 23:59:59,2000.00
I8QMKPNVJNS4O40K,2019-07-31 23:59:59,2000.00
MTPVD70ZWO0G8K48,2019-07-31 23:59:59,2000.00
NY09XP24CAO4WC4S,2019-07-31 23:59:59,2000.00
RB3QPC4IHA800O4G,2019-07-31 23:59:59,2000.00
KDMK63WXUXW48KGO,2019-07-31 23:59:59,2000.00
ME9BXDJT3R44CCKK,2019-07-31 23:59:59,2000.00
1DUD1FQOWW2SW488,2019-07-31 23:59:59,2000.00
OOYZQ09RJDW4KC4G,2019-07-31 23:59:59,2000.00
EGIOU8R0RO08WGOO,2019-07-31 23:59:59,2000.00
8IA4PS872X0KOGKS,2019-07-31 23:59:59,2000.00
1QI615RC849WSO0S,2019-07-31 23:59:59,2000.00
S3DL4NAWC4GKOG80,2019-07-31 23:59:59,2000.00
CH45Q3EMW2GC4444,2019-07-31 23:59:59,2000.00
FC9G3LMGLPSSW4KO,2019-07-31 23:59:59,2000.00
IYJ8M77DO7SCC0OS,2019-07-31 23:59:59,2000.00
AC8VPA1T8YOKO8GC,2019-07-31 23:59:59,2000.00
KR7IVYUML4GSKS0S,2019-07-31 23:59:59,2000.00
AZO3C7UJSWOCGOKS,2019-07-31 23:59:59,2000.00
8T6JX4HPX14WKOGC,2019-07-31 23:59:59,2000.00
J6O8KSIVXP4C8W4S,2019-07-31 23:59:59,2000.00
63I607BGRWG0KKGW,2019-07-31 23:59:59,2000.00
DKHOKE8UWVCOCGG8,2019-07-31 23:59:59,2000.00
57YOBKR45C4KS0S0,2019-07-31 23:59:59,2000.00
QM9AKZIPD0084S8C,2019-07-31 23:59:59,2000.00
N0HD7DHIABK40404,2019-07-31 23:59:59,2000.00
A8ODVC7G7EGWKCSG,2019-07-31 23:59:59,2000.00
J1WSGMBSDJK8SKCS,2019-07-31 23:59:59,2000.00
JNRUCXTUBVSOKSWW,2019-07-31 23:59:59,2000.00
EWY73U8EFWG00WGC,2019-07-31 23:59:59,2000.00
O4S8VU38XHWSKOGC,2019-07-31 23:59:59,2000.00
8Z0LIQ1S63GGGGKO,2019-07-31 23:59:59,2000.00
G04OY9D7RQ8KKCSW,2019-07-31 23:59:59,2000.00
BBE5R9BWM6G4W8WC,2019-07-31 23:59:59,2000.00
2LGZHJUJ0SG0GWG4,2019-07-31 23:59:59,2000.00
BZPA32AU4Z4SK8GC,2019-07-31 23:59:59,2000.00
HG0A0VJXNLWKGW48,2019-07-31 23:59:59,2000.00
SZJ95UY1ZW0SCS8K,2019-07-31 23:59:59,2000.00
NVS9A96LT3K88G0G,2019-07-31 23:59:59,2000.00
HYNGPOCMO68KSWC0,2019-07-31 23:59:59,2000.00
S27I5ROYYFKCCW8S,2019-07-31 23:59:59,2000.00
IFYBCWFZIRWOKS0O,2019-07-31 23:59:59,2000.00
134LSD82OC1WKW4C,2019-07-31 23:59:59,2000.00
3V7MCWR2KE2OWW44,2019-07-31 23:59:59,2000.00
YHH3IX46R2SSGCS0,2019-07-31 23:59:59,2000.00
E28X689GMXSKKGW8,2019-07-31 23:59:59,2000.00
JUKBD0QGEPWKWW0K,2019-07-31 23:59:59,2000.00
6VCMJHIOP2O8CCWC,2019-07-31 23:59:59,2000.00
QGDF2FF3L2OS0G0S,2019-07-31 23:59:59,2000.00
TJ05P5UOMXW00O4S,2019-07-31 23:59:59,2000.00
7EOW47ME2G84S88S,2019-07-31 23:59:59,2000.00
OWA506R4ZS0GKG8O,2019-07-31 23:59:59,2000.00
6VSQG4ZH72KOCGG0,2019-07-31 23:59:59,2000.00
6Z8YLOECTJ40W48S,2019-07-31 23:59:59,2000.00
LV66FXX3IR4O0OKC,2019-07-31 23:59:59,2000.00
GPFJ526MQIGWWWCG,2019-07-31 23:59:59,2000.00
CHAXM3CB1UOGS088,2019-07-31 23:59:59,2000.00
JY40PSH5B68CWGO4,2019-07-31 23:59:59,2000.00
A2HGGDBDZCOW8KCG,2019-07-31 23:59:59,2000.00
AEO7TS0LK9SGO88G,2019-07-31 23:59:59,2000.00
MBIB9IXBVUSKKWW4,2019-07-31 23:59:59,2000.00
M3X3Y5BSAQOKWKO0,2019-07-31 23:59:59,2000.00
3HSKRZCL7I044OK0,2019-07-31 23:59:59,2000.00
R8GD0KPK92OSW880,2019-07-31 23:59:59,2000.00
JYWDEBYTI9SWCWK0,2019-07-31 23:59:59,2000.00
76I8G8AT6B8C804W,2019-07-31 23:59:59,2000.00
OG019430N2OCOOWC,2019-07-31 23:59:59,2000.00
FJZSEHTKVZ4KSWO8,2019-07-31 23:59:59,2000.00
5S5SEYVP7A4G0WO4,2019-07-31 23:59:59,2000.00
6SU69IMLH5OG0WGK,2019-07-31 23:59:59,2000.00
QV4054VT21C8SG4O,2019-07-31 23:59:59,2000.00
7IYUA1S41L0KSSSW,2019-07-31 23:59:59,2000.00
RMN40RZ8XUOKWO80,2019-07-31 23:59:59,2000.00
5ER93XBBSV0GGOW0,2019-07-31 23:59:59,2000.00
EYZM5LFL7U8SWO4K,2019-07-31 23:59:59,2000.00
JL85RMKDZ3WCCSGO,2019-07-31 23:59:59,2000.00
14R5A32I0HMSGWCC,2019-07-31 23:59:59,2000.00
H2JXMMY9N7K0GK4W,2019-07-31 23:59:59,2000.00
7IV16G1MKK0SS08K,2019-07-31 23:59:59,2000.00
L92DYWTIW68KW8SG,2019-07-31 23:59:59,2000.00
4SLRQSU5KDC0CSW0,2019-07-31 23:59:59,2000.00
S5IU4ODSMM80OWS4,2019-07-31 23:59:59,2000.00
HGRZDXONZ88COKCO,2019-07-31 23:59:59,2000.00
EW8HDFQ6CRCCOS8S,2019-07-31 23:59:59,2000.00
DU6OOMK62XKC8O4C,2019-07-31 23:59:59,2000.00
DETZPUGRQNCOS8OK,2019-07-31 23:59:59,2000.00
BYMRLHHU9HWS0K4O,2019-07-31 23:59:59,2000.00
N0JJAA5J8PW4KSS0,2019-07-31 23:59:59,2000.00
HW6Y7Q5J85S8C0WW,2019-07-31 23:59:59,2000.00
HKV75IPWJFKKOOC4,2019-07-31 23:59:59,2000.00
DTWEXD135ZWWGKGG,2019-07-31 23:59:59,2000.00
HG8VTLF3A1SKGGC8,2019-07-31 23:59:59,2000.00
N4ULLL2Z9V4O0W0S,2019-07-31 23:59:59,2000.00
KTEWL11MX008G0OC,2019-07-31 23:59:59,2000.00
HBTYGS8F2LCGGW80,2019-07-31 23:59:59,2000.00
66BOITMDON0G8404,2019-07-31 23:59:59,2000.00
P6BIMJOX3LCS0W84,2019-07-31 23:59:59,2000.00
M4287QFTW5C0S040,2019-07-31 23:59:59,2000.00
Q7F551VSV9CWKC0C,2019-07-31 23:59:59,2000.00
BB3WSXG5VXCK0GWK,2019-07-31 23:59:59,2000.00
508OBOYDMTGK8GOS,2019-07-31 23:59:59,2000.00
30FM4PRVFKE800SS,2019-07-31 23:59:59,2000.00
EH63O5GIXW084KSK,2019-07-31 23:59:59,2000.00
DBT3DYTVWF4K0SK8,2019-07-31 23:59:59,2000.00
GKSVPU4IK0OC4CWW,2019-07-31 23:59:59,2000.00
4FMATW54J4OWOOOS,2019-07-31 23:59:59,2000.00
QL74LSJ835WK0GCO,2019-07-31 23:59:59,2000.00
KXSAUPEPIHCCOSO0,2019-07-31 23:59:59,2000.00
ROVD0OHDF0GW08OS,2019-07-31 23:59:59,2000.00
7EMRAMJDJU88S40K,2019-07-31 23:59:59,2000.00
3FTX1RAQ094400K4,2019-07-31 23:59:59,2000.00
BZ81V58BYN4KCG8S,2019-07-31 23:59:59,2000.00
7V67S5YYKA4O480G,2019-07-31 23:59:59,2000.00
